rank,mean_matched_cosine
2,0.9311230963802059
3,0.9365850636986557
4,0.8601028611072059
5,0.8167929042124519
6,0.7751290475206626
