rank,mean_matched_cosine
2,0.910657547273885
3,0.8521630405079795
4,0.7222797075728642
5,0.7376076683144458
6,0.7152995107287756
